{"options":{"check_for_updates":true,"comment":null,"compat_foreach":false,"compat_metadata":false,"compat_prototypes":false,"compat_wrappedjsobject":false,"compatopts_for_requires":true,"noframes":null,"override":{"merge_connects":true,"merge_excludes":true,"merge_includes":true,"merge_matches":true,"orig_connects":["www.zhihu.com"],"orig_excludes":[],"orig_includes":["*://www.zhihu.com/question/*"],"orig_matches":[],"orig_noframes":null,"orig_run_at":"document-idle","use_blockers":[],"use_connects":[],"use_excludes":[],"use_includes":[],"use_matches":[]},"run_at":null,"tab_types":null,"unwrap":null},"settings":{"enabled":true,"position":3},"meta":{"name":"Block Zhihu QuestionTitle","uuid":"6820958c-8e28-4683-a5e3-a822b5354519","modified":1647483545314,"file_url":"https://greasyfork.org/scripts/31162/code/script.user.js"}}