{"options":{"check_for_updates":true,"comment":null,"compat_foreach":false,"compat_metadata":false,"compat_prototypes":false,"compat_wrappedjsobject":false,"compatopts_for_requires":true,"noframes":null,"override":{"merge_connects":true,"merge_excludes":true,"merge_includes":true,"merge_matches":true,"orig_connects":[],"orig_excludes":[],"orig_includes":["https://*.zhihu.com/*"],"orig_matches":["https://*.zhihu.com/*"],"orig_noframes":null,"orig_run_at":"document-idle","use_blockers":[],"use_connects":[],"use_excludes":[],"use_includes":[],"use_matches":[]},"run_at":null,"tab_types":null,"unwrap":null},"settings":{"enabled":true,"position":2},"meta":{"name":"ZhiHuLink","uuid":"d6da4d7f-6ed9-44df-9b6b-a8644f2afab7","modified":1647483533003,"file_url":"https://greasyfork.org/scripts/21318-zhihulink/code/ZhiHuLink.user.js"}}