{"options":{"check_for_updates":true,"comment":null,"compatopts_for_requires":true,"compat_wrappedjsobject":true,"compat_metadata":false,"compat_foreach":false,"compat_prototypes":false,"noframes":null,"unwrap":null,"run_at":null,"tab_types":null,"override":{"use_includes":[],"orig_includes":["*://wenku.baidu.com/*","*://api.ebuymed.cn/ext/*","*://apiebuymed.hurongnet.com/ext/1/*","*://www.ebuymed.cn/","*://*.docin.com/p*","*://www.bilibili.com/read/*","*://b.faloo.com/*","*://bbs.coocaa.com/*","*://book.hjsm.tom.com/*","*://book.zhulang.com/*","*://book.zongheng.com/*","*://book.hjsm.tom.com/*","*://chokstick.com/*","*://chuangshi.qq.com/*","*://yunqi.qq.com/*","*://city.udn.com/*","*://cutelisa55.pixnet.net/*","*://huayu.baidu.com/*","*://tiyu.baidu.com/*","*://yd.baidu.com/*","*://yuedu.baidu.com/*","*://imac.hk/*","*://life.tw/*","*://luxmuscles.com/*","*://read.qidian.com/*","*://www.15yan.com/*","*://www.17k.com/*","*://www.18183.com/*","*://www.360doc.com/*","*://www.eyu.com/*","*://www.hongshu.com/*","*://www.coco01.com/*","*://news.missevan.com/*","*://www.hongxiu.com/*","*://www.imooc.com/*","*://www.readnovel.com/*","*://www.tadu.com/*","*://www.jjwxc.net/*","*://www.xxsy.net/*","*://www.z3z4.com/*","*://yuedu.163.com/*"],"merge_includes":true,"use_matches":[],"orig_matches":[],"merge_matches":true,"use_excludes":[],"orig_excludes":[],"merge_excludes":true,"use_connects":[],"orig_connects":[],"merge_connects":true,"use_blockers":[],"orig_run_at":"document-idle","orig_noframes":null}},"settings":{"enabled":true,"position":13},"meta":{"name":"【真香】百度文库VIP/百度文库文档免费下载/baiduwenku/豆丁网VIP/豆丁网文档下载，极速秒破原文档+转换提取文档增强版，文档每页内容都可自由复制，整页可复制下来，移除百度文库广告，解除大部分网站右键操作等限制","uuid":"437f6ae2-2518-42fd-9932-0666d8d42fe7","modified":1648538285808,"file_url":"https://openuserjs.org/install/wuxingsanren/%E3%80%90%E7%9C%9F%E9%A6%99%E3%80%91%E7%99%BE%E5%BA%A6%E6%96%87%E5%BA%93VIP%E7%99%BE%E5%BA%A6%E6%96%87%E5%BA%93%E6%96%87%E6%A1%A3%E5%85%8D%E8%B4%B9%E4%B8%8B%E8%BD%BDbaiduwenku%E8%B1%86%E4%B8%81%E7%BD%91VIP%E8%B1%86%E4%B8%81%E7%BD%91%E6%96%87%E6%A1%A3%E4%B8%8B%E8%BD%BD%EF%BC%8C%E6%9E%81%E9%80%9F%E7%A7%92%E7%A0%B4%E5%8E%9F%E6%96%87%E6%A1%A3+%E8%BD%AC%E6%8D%A2%E6%8F%90%E5%8F%96%E6%96%87%E6%A1%A3%E5%A2%9E%E5%BC%BA%E7%89%88%EF%BC%8C%E6%96%87%E6%A1%A3%E6%AF%8F%E9%A1%B5%E5%86%85%E5%AE%B9%E9%83%BD%E5%8F%AF%E8%87%AA%E7%94%B1%E5%A4%8D%E5%88%B6%EF%BC%8C%E6%95%B4%E9%A1%B5%E5%8F%AF%E5%A4%8D%E5%88%B6%E4%B8%8B%E6%9D%A5%EF%BC%8C%E7%A7%BB%E9%99%A4%E7%99%BE%E5%BA%A6%E6%96%87%E5%BA%93%E5%B9%BF%E5%91%8A%EF%BC%8C%E8%A7%A3%E9%99%A4%E5%A4%A7%E9%83%A8%E5%88%86%E7%BD%91%E7%AB%99%E5%8F%B3%E9%94%AE%E6%93%8D%E4%BD%9C%E7%AD%89%E9%99%90%E5%88%B6.user.js"}}