{"options":{"check_for_updates":true,"comment":null,"compat_foreach":false,"compat_metadata":false,"compat_prototypes":false,"compat_wrappedjsobject":false,"compatopts_for_requires":true,"noframes":null,"override":{"merge_connects":true,"merge_excludes":true,"merge_includes":true,"merge_matches":true,"orig_connects":["zhihu.com","vzuu.com"],"orig_excludes":[],"orig_includes":["*://wenku.baidu.com/*","https://*.youku.com/v_*","https://*.youku.com/alipay_*","https://*.iqiyi.com/v_*","https://*.iqiyi.com/w_*","https://*.iqiyi.com/a_*","https://*.le.com/ptv/vplay/*","https://v.qq.com/x/cover/*","https://v.qq.com/x/page/*","https://*.tudou.com/listplay/*","https://*.tudou.com/albumplay/*","https://*.tudou.com/programs/view/*","https://*.mgtv.com/b/*","https://film.sohu.com/album/*","https://tv.sohu.com/v/*","https://*.baofeng.com/play/*","https://vip.pptv.com/show/*","https://v.pptv.com/show/*","*://www.zhihu.com/*","*://v.vzuu.com/video/*","*://video.zhihu.com/video/*","*://www.youtube.com/watch?v=*","*://www.aliyun.com**","*://cloud.tencent.com**","*://www.hostwinds.com**","*://www.west.cn**","*://bandwagonhost.com**","*://www.vultr.com**"],"orig_matches":[],"orig_noframes":null,"orig_run_at":"document-end","use_blockers":[],"use_connects":[],"use_excludes":[],"use_includes":[],"use_matches":[]},"run_at":null,"tab_types":null,"unwrap":null},"settings":{"enabled":true,"position":4},"meta":{"name":"全网VIP视频免费破解去广告；【百度文库破解】内容复制|文档下载；知乎视频下载；YouTube油管播放助手","uuid":"5ba85c66-03d9-4b59-9f0a-1a500811f78c","modified":1647483563566,"file_url":"https://greasyfork.org/scripts/398314-%E5%85%A8%E7%BD%91vip%E8%A7%86%E9%A2%91%E5%85%8D%E8%B4%B9%E7%A0%B4%E8%A7%A3%E5%8E%BB%E5%B9%BF%E5%91%8A-%E7%99%BE%E5%BA%A6%E6%96%87%E5%BA%93%E7%A0%B4%E8%A7%A3-%E5%86%85%E5%AE%B9%E5%A4%8D%E5%88%B6-%E6%96%87%E6%A1%A3%E4%B8%8B%E8%BD%BD-%E7%9F%A5%E4%B9%8E%E8%A7%86%E9%A2%91%E4%B8%8B%E8%BD%BD-youtube%E6%B2%B9%E7%AE%A1%E6%92%AD%E6%94%BE%E5%8A%A9%E6%89%8B/code/%E5%85%A8%E7%BD%91VIP%E8%A7%86%E9%A2%91%E5%85%8D%E8%B4%B9%E7%A0%B4%E8%A7%A3%E5%8E%BB%E5%B9%BF%E5%91%8A%EF%BC%9B%E3%80%90%E7%99%BE%E5%BA%A6%E6%96%87%E5%BA%93%E7%A0%B4%E8%A7%A3%E3%80%91%E5%86%85%E5%AE%B9%E5%A4%8D%E5%88%B6%7C%E6%96%87%E6%A1%A3%E4%B8%8B%E8%BD%BD%EF%BC%9B%E7%9F%A5%E4%B9%8E%E8%A7%86%E9%A2%91%E4%B8%8B%E8%BD%BD%EF%BC%9BYouTube%E6%B2%B9%E7%AE%A1%E6%92%AD%E6%94%BE%E5%8A%A9%E6%89%8B.user.js"}}