{"ts":1647484792294,"data":{"NoQRCodeLoginData":"o[{\"name\": \"12306\",\"url\": \"kyfw.12306.cn\",\"enabled\": true},{\"name\": \"京东\",\"url\": \"passport.jd.com\",\"enabled\": true},{\"name\": \"百度\",\"url\": \"baidu.com\",\"enabled\": true},{\"name\": \"豆瓣\",\"url\": \"douban.com\",\"enabled\": true},{\"name\": \"苏宁易购\",\"url\": \"passport.suning.com\",\"enabled\": true},{\"name\": \"知乎\",\"url\": \"zhihu.com\",\"enabled\": true},{\"name\": \"支付宝\",\"url\": \"alipay.com\",\"enabled\": true},{\"name\": \"阿里云\",\"url\": \"account.aliyun.com\",\"enabled\": true},{\"name\": \"腾讯QQ\",\"url\": [\"xui.ptlogin2.qq.com\",\"ssl.xui.ptlogin2.qq.com\",\"ui.ptlogin2.qq.com\"],\"enabled\": true},{\"name\": \"网易邮箱\",\"url\": [\"mail.163.com\",\"mail.126.com\"],\"enabled\": true},{\"name\": \"微云\",\"url\": \"weiyun.com\",\"enabled\": true},{\"name\": \"腾讯产品交流\",\"url\": \"support.qq.com\",\"enabled\": true},{\"name\": \"腾讯云\",\"url\": [\"cloud.tencent.com\",\"qcloud.com\"],\"enabled\": true},{\"name\": \"腾讯企业邮箱\",\"url\": \"exmail.qq.com\",\"enabled\": true},{\"name\": \"微信支付\",\"url\": \"pay.weixin.qq.com\",\"enabled\": true},{\"name\": \"爱奇艺\",\"url\": \"iqiyi.com\",\"enabled\": true},{\"name\": \"AcFun\",\"url\": \"www.acfun.cn\",\"enabled\": true},{\"name\": \"网易云音乐\",\"url\": \"music.163.com\",\"enabled\": true},{\"name\": \"虾米音乐\",\"url\": \"xiami.com\",\"enabled\": true},{\"name\": \"斗鱼\",\"url\": \"douyu.com\",\"enabled\": true},{\"name\": \"虎牙直播\",\"url\": \"huya.com\",\"enabled\": true},{\"name\": \"什么值得买\",\"url\": \"smzdm.com\",\"enabled\": true},{\"name\": \"考拉海购\",\"url\": \"ipassport.kaola.com\",\"enabled\": true},{\"name\": \"中国移动\",\"url\": \"login.10086.cn\",\"enabled\": true},{\"name\": \"139邮箱\",\"url\": \"mail.10086.cn\",\"enabled\": true},{\"name\": \"江苏移动\",\"url\": \"js.10086.cn\",\"enabled\": true},{\"name\": \"天翼云盘\",\"url\": \"e.189.cn\",\"enabled\": true},{\"name\": \"中国电信\",\"url\": \"login.189.cn\",\"enabled\": true},{\"name\": \"江苏电信\",\"url\": \"js.189.cn\",\"enabled\": true},{\"name\": \"阿里云盘\",\"url\": \"passport.aliyundrive.com\",\"enabled\": true},{\"name\": \"58同城\",\"url\": \"passport.58.com\",\"enabled\": true},{\"name\": \"CSDN\",\"url\": \"passport.csdn.net\",\"enabled\": true},{\"name\": \"大众点评\",\"url\": \"account.dianping.com\",\"enabled\": true},{\"name\": \"自然人电子税务局\",\"url\": \"etax.chinatax.gov.cn\",\"enabled\": true},{\"name\": \"115云\",\"url\": \"115.com\",\"enabled\": true},{\"name\": \"天涯社区\",\"url\": \"tianya.cn\",\"enabled\": true},{\"name\": \"DNSPod\",\"url\": \"dnspod.cn\",\"enabled\": true},{\"name\": \"企查查\",\"url\": \"www.qcc.com\",\"enabled\": true},{\"name\": \"拼多多商家\",\"url\": \"mms.pinduoduo.com\",\"enabled\": true},{\"name\": \"京麦\",\"url\": \"passport.shop.jd.com\",\"enabled\": true},{\"name\": \"广东省统一身份认证平台\",\"url\": \"tyrz.gd.gov.cn\",\"enabled\": true},{\"name\": \"百姓网\",\"url\": \"baixing.com\",\"enabled\": true},{\"name\": \"升蓝物流\",\"url\": \"sl56.com\",\"enabled\": true},{\"name\": \"生工\",\"url\": \"passport.sangon.com\",\"enabled\": true},{\"name\": \"21世纪教育\",\"url\": \"passport.21cnjy.com\",\"enabled\": true},{\"name\": \"学校安全教育平台\",\"url\": \"login.xueanquan.com\",\"enabled\": true},{\"name\": \"极客邦科技\",\"url\": \"account.geekbang.org\",\"enabled\": true},{\"name\": \"中国大学MOOC\",\"url\": \"icourse163.org\",\"enabled\": true},{\"name\": \"自如\",\"url\": \"ziroom.com\",\"enabled\": true},{\"name\": \"国家医保服务平台\",\"url\": \"fuwu.nhsa.gov.cn\",\"enabled\": true},{\"name\": \"蒲公英管理\",\"url\": [\"console.sdwan.oray.com\",\"pgybox.oray.com\"],\"enabled\": true}]"}}