{"options":{"check_for_updates":true,"comment":null,"compat_foreach":false,"compat_metadata":false,"compat_prototypes":false,"compat_wrappedjsobject":false,"compatopts_for_requires":true,"noframes":null,"override":{"merge_connects":true,"merge_excludes":true,"merge_includes":true,"merge_matches":true,"orig_connects":[],"orig_excludes":[],"orig_includes":[],"orig_matches":["*://kyfw.12306.cn/*","*://login.taobao.com/*","*://passport.jd.com/*","*://*.baidu.com/*","*://*.douban.com/*","*://passport.suning.com/*","*://*.zhihu.com/*","*://*.alipay.com/*","*://account.aliyun.com/*","*://*.qq.com/*","*://*.weiyun.com/*","*://*.cloud.tencent.com/*","*://*.pay.weixin.qq.com/*","*://*.qcloud.com/*","*://mail.163.com/*","*://mail.126.com/*","*://www.iqiyi.com/*","*://www.acfun.cn/*","*://music.163.com/*","*://*.xiami.com/*","*://*.douyu.com/*","*://*.huya.com/*","*://*.smzdm.com/*","*://ipassport.kaola.com/*","*://login.10086.cn/*","*://mail.10086.cn/*","*://*.js.10086.cn/*","*://*.e.189.cn/*","*://login.189.cn/*","*://js.189.cn/*","*://passport.aliyundrive.com/*","*://passport.58.com/*","*://passport.csdn.net/*","*://account.dianping.com/*","*://etax.chinatax.gov.cn/*","*://*.115.com/*","*://*.tianya.cn/*","*://*.dnspod.cn/*","*://www.qcc.com/*","*://mms.pinduoduo.com/*","*://passport.shop.jd.com/*","*://*.tyrz.gd.gov.cn/*","*://*.baixing.com/*","*://*.sl56.com/*","*://*.passport.sangon.com/*","*://*.passport.21cnjy.com/*","*://login.xueanquan.com/*","*://account.geekbang.org/*","*://*.icourse163.org/*","*://*.ziroom.com/*","*://*.fuwu.nhsa.gov.cn/*","*://*.ziroom.com/*","*://console.sdwan.oray.com/*","*://pgybox.oray.com/*"],"orig_noframes":null,"orig_run_at":"document-end","use_blockers":[],"use_connects":[],"use_excludes":[],"use_includes":[],"use_matches":[]},"run_at":null,"tab_types":null,"unwrap":null},"settings":{"enabled":false,"position":12},"meta":{"name":"拒绝二维码登录","uuid":"d43067f3-aa9c-4da0-ad25-05586f44bf75","modified":1647484708001,"file_url":"https://greasyfork.org/scripts/37988-%E6%8B%92%E7%BB%9D%E4%BA%8C%E7%BB%B4%E7%A0%81%E7%99%BB%E5%BD%95/code/%E6%8B%92%E7%BB%9D%E4%BA%8C%E7%BB%B4%E7%A0%81%E7%99%BB%E5%BD%95.user.js"}}