{"options":{"check_for_updates":true,"comment":null,"compat_foreach":false,"compat_metadata":false,"compat_prototypes":false,"compat_wrappedjsobject":false,"compatopts_for_requires":true,"noframes":null,"override":{"merge_connects":true,"merge_excludes":true,"merge_includes":true,"merge_matches":true,"orig_connects":[],"orig_excludes":[],"orig_includes":[],"orig_matches":["*://wenku.baidu.com/view/*","*://wenku.baidu.com/tfview/*","*://wenku.baidu.com/link?url*","*://wenku.baidu.com/share/*"],"orig_noframes":null,"orig_run_at":"document-idle","use_blockers":[],"use_connects":[],"use_excludes":[],"use_includes":[],"use_matches":[]},"run_at":null,"tab_types":null,"unwrap":null},"settings":{"enabled":true,"position":6},"meta":{"name":"文库下载器","uuid":"8a3bf9f8-4f30-4768-ba50-068c6c3433ca","modified":1647484513974,"file_url":"https://greasyfork.org/scripts/437609-%E6%96%87%E5%BA%93%E4%B8%8B%E8%BD%BD%E5%99%A8/code/%E6%96%87%E5%BA%93%E4%B8%8B%E8%BD%BD%E5%99%A8.user.js"}}